season,game_id,game_date,home,away,y,am,p_mkt,fm,sched,m_us,cm_ps,cm_ps_o
2023-24,0022300062,2023-10-24,GSW,PHX,0,-4,0.6231343912109123,-0.413559,2.206508,1.999728,7.056271069680558,3.6461802814930575
2023-24,0022300061,2023-10-24,DEN,LAL,1,12,0.656232981418711,2.761243,2.206508,3.587129,1.0337823048553236,5.25136545369213
2023-24,0022300064,2023-10-25,IND,WAS,1,23,0.656232981418711,-1.420532,2.206508,1.496242,3.4526890124222884,-0.047816764637898856
2023-24,0022300063,2023-10-25,CHA,ATL,1,6,0.343767018581289,-3.418708,2.206508,0.497154,-6.391422435197338,-6.713818772569445
2023-24,0022300068,2023-10-25,MIA,DET,1,1,0.796561813968603,4.916253,2.206508,4.664635,10.194142693371914,9.472915535127315
2023-24,0022300066,2023-10-25,ORL,HOU,1,30,0.656232981418711,4.854196,2.206508,4.633606,1.0679750601192124,1.9722893097719916
2023-24,0022300070,2023-10-25,CHI,OKC,0,-20,0.5888456496998049,0.589633,2.206508,2.501324,3.1018422232175933,3.910975842939816
2023-24,0022300065,2023-10-25,NYK,BOS,0,-4,0.343767018581289,-1.6835,2.206508,1.364758,-7.1546360732569445,-7.029754404888889
2023-24,0022300074,2023-10-25,LAC,POR,1,12,0.8188567031623804,2.658198,2.206508,3.535607,7.044045703109182,6.264563737625002
2023-24,0022300073,2023-10-25,SAS,DAL,0,-7,0.343767018581289,-7.948294,2.206508,-1.767639,-17.671444053020835,-12.284769284131945
2023-24,0022300072,2023-10-25,UTA,SAC,0,-16,0.4463282729519496,-2.996134,2.206508,0.708441,-3.0497953618387346,-0.3086170091859559
2023-24,0022300071,2023-10-25,MEM,NOP,0,-7,0.5536717270480503,2.454414,2.206508,3.433715,-4.007635682777778,-3.484083409479166
2023-24,0022300067,2023-10-25,BKN,CLE,0,-1,0.4463282729519496,-2.495061,2.206508,0.958977,-2.4833303727430565,-0.07804487423611084
2023-24,0022300069,2023-10-25,TOR,MIN,1,3,0.5179520501205839,-0.479284,2.206508,1.966866,-0.7949546535858698,-2.292995276493057
2023-24,0022300076,2023-10-26,LAL,PHX,1,5,0.7178674702465342,-1.59829,2.206508,1.407363,1.3947193937951403,1.2698724873958338
2023-24,0022300075,2023-10-26,MIL,PHI,1,1,0.6878806892309335,-0.455045,2.206508,1.978985,-2.7579999584027775,4.067366645486111
2023-24,0022300084,2023-10-27,DAL,BKN,1,5,0.7178674702465342,-0.937544,2.206508,1.737736,4.914359295833336,6.977734360625
2023-24,0022300081,2023-10-27,CLE,OKC,0,-3,0.5888456496998049,3.469354,2.206508,3.941185,6.494209218958335,1.424753912291667
2023-24,0022300085,2023-10-27,UTA,LAC,1,2,0.343767018581289,-1.45759,2.206508,1.477713,-8.615687553716823,-6.534319469222222
2023-24,0022300078,2023-10-27,MEM,DEN,0,-4,0.3121193107690664,0.695593,2.206508,2.554304,-2.5690123410532397,-7.046877435671296
2023-24,0022300080,2023-10-27,BOS,MIA,1,8,0.7722859781343504,4.52975,2.206508,4.471383,11.321178932114197,8.864386110983796
2023-24,0022300087,2023-10-27,SAC,GSW,0,-8,0.6231343912109123,0.519483,2.206508,2.466249,-12.142177910557098,-9.6329419713696
2023-24,0022300079,2023-10-27,ATL,NYK,0,-6,0.5179520501205839,-1.681234,2.206508,1.365891,-4.3671219265694425,-2.374115850076388
2023-24,0022300083,2023-10-27,SAS,HOU,1,4,0.5888456496998049,-0.417935,2.206508,1.99754,-8.26743254173611,-3.0111700186458323
2023-24,0022300086,2023-10-27,POR,ORL,0,-5,0.343767018581289,-1.113427,2.206508,1.649794,-0.5155277077754619,-0.6359160461782403
2023-24,0022300082,2023-10-27,CHI,TOR,1,1,0.5888456496998049,1.139982,2.206508,2.776499,-2.4201005596726186,-3.267678832638888
2023-24,0022300077,2023-10-27,CHA,DET,0,-12,0.656232981418711,2.662562,2.206508,3.537789,3.602141190462385,1.8182553654513898
2023-24,0022300091,2023-10-28,CLE,IND,0,-12,0.3768656087890877,6.471827,0.791103,4.027017,7.309327988229168,0.913654370173612
2023-24,0022300094,2023-10-28,PHX,UTA,1,22,0.6878806892309335,2.89021,5.105858,6.550963,8.135702202715276,3.030414126916665
2023-24,0022300090,2023-10-28,NOP,NYK,1,9,0.6231343912109123,-1.120837,5.105858,4.54544,2.862422728986112,0.6376186615208335
2023-24,0022300093,2023-10-28,MIN,MIA,1,16,0.7722859781343504,1.912241,5.105858,6.061979,2.841003648729167,8.064082246560957
2023-24,0022300089,2023-10-28,WAS,MEM,1,7,0.5179520501205839,-3.778463,5.105858,3.216627,-10.765031474505623,-2.197630604513889
2023-24,0022300092,2023-10-28,TOR,PHI,0,-7,0.343767018581289,-2.335032,0.791103,-0.376413,-4.653977722977845,-2.0427618494791675
2023-24,0022300088,2023-10-28,DET,CHI,1,16,0.4111543503001951,-7.489192,3.690454,-0.054142,-9.820091128842593,-5.138584713043982
2023-24,0022300098,2023-10-29,PHI,POR,1,28,0.796561813968603,5.537524,0.791103,3.559865,10.102246522760417,4.820930963125
2023-24,0022300095,2023-10-29,OKC,DEN,0,-33,0.3768656087890877,-1.500929,2.206508,1.456043,-9.06623603386574,-11.410570382685185
2023-24,0022300100,2023-10-29,SAC,LAL,1,5,0.5888456496998049,1.704214,2.206508,3.058615,-6.480626234671682,-4.929306838834876
2023-24,0022300096,2023-10-29,HOU,GSW,0,-11,0.2539630763198815,-7.418027,2.206508,-1.502506,-14.172778774131945,-13.813146107465279
2023-24,0022300097,2023-10-29,MIL,ATL,0,-17,0.7178674702465342,2.147928,2.206508,3.280472,4.142605827430556,1.6070614898958335
2023-24,0022300099,2023-10-29,LAC,SAS,1,40,0.796561813968603,6.816901,2.206508,5.614958,15.863925597189043,15.063478856444448
2023-24,0022300102,2023-10-30,IND,CHI,0,-7,0.6231343912109123,-3.592106,2.206508,0.410455,-3.916960992488427,-2.491116459305556
2023-24,0022300103,2023-10-30,WAS,BOS,0,-19,0.1811432968376197,-4.128386,2.206508,0.142315,-19.064880501554235,-17.181951751889883
2023-24,0022300110,2023-10-30,DEN,UTA,1,8,0.796561813968603,4.053162,0.791103,2.817684,10.56420390136574,7.699160634351851
2023-24,0022300101,2023-10-30,CHA,BKN,0,-12,0.4463282729519496,-5.21129,2.206508,-0.399137,-7.126986561377892,-3.5983285494097217
2023-24,0022300109,2023-10-30,OKC,DET,1,12,0.7178674702465342,6.899559,0.791103,4.240883,6.718248905625,3.038821769166667
2023-24,0022300106,2023-10-30,MEM,DAL,0,-15,0.5536717270480503,2.159772,2.206508,3.286394,-2.4280144492361124,-4.770714890555555
2023-24,0022300111,2023-10-30,LAL,ORL,1,3,0.6231343912109123,1.3791,0.791103,1.480653,7.443252038127315,5.620109681512731
2023-24,0022300107,2023-10-30,MIL,MIA,1,8,0.7460369236801184,3.312944,0.791103,2.447575,3.9420267597183645,7.498924556338735
2023-24,0022300108,2023-10-30,NOP,GSW,0,-28,0.5888456496998049,-0.18231,5.105858,5.014703,-3.1891460293055554,-6.537938709628472
2023-24,0022300105,2023-10-30,TOR,POR,0,-8,0.796561813968603,3.202492,5.105858,6.707104,5.448268799782571,6.072245641875
2023-24,0022300104,2023-10-30,ATL,MIN,1,14,0.4111543503001951,-0.747224,0.791103,0.417491,-3.041582716441358,-1.648576227864969
2024-25,0022400061,2024-10-22,BOS,NYK,1,23,0.6878806892309335,5.054854,2.289091,4.816518,7.291581280222222,4.006610817305557
2024-25,0022400062,2024-10-22,LAL,MIN,1,7,0.4463282729519496,-5.5628,2.289091,-0.492309,-2.4365561570960654,-2.2338174190625013
2024-25,0022400067,2024-10-23,TOR,CLE,0,-30,0.2821325297534659,-7.312823,2.289091,-1.367321,-13.404370356504632,-7.224462058159721
2024-25,0022400064,2024-10-23,ATL,BKN,1,4,0.7460369236801184,-0.314862,2.289091,2.13166,-0.23467832076813266,5.0944228242743055
2024-25,0022400071,2024-10-23,LAC,PHX,0,-3,0.343767018581289,1.105805,2.289091,2.841993,-1.7295443135609598,-7.3743517428125
2024-25,0022400070,2024-10-23,UTA,MEM,0,-2,0.4111543503001951,-0.528416,2.289091,2.024883,-2.7573626550405077,-7.1233219845486095
2024-25,0022400063,2024-10-23,DET,IND,0,-6,0.3121193107690664,-10.360417,2.289091,-2.891118,-10.31127850837963,-5.10131506576389
2024-25,0022400072,2024-10-23,POR,GSW,0,-36,0.2539630763198815,-10.103948,2.289091,-2.762883,-16.210308007810514,-12.337601889472223
2024-25,0022400065,2024-10-23,MIA,ORL,0,-19,0.5536717270480503,-1.065913,2.289091,1.756134,-1.4153436253422615,-1.3863860771180563
2024-25,0022400068,2024-10-23,HOU,CHA,0,-5,0.7722859781343504,8.760366,2.289091,6.669274,17.370843596812996,8.026991119652777
2024-25,0022400066,2024-10-23,PHI,MIL,0,-15,0.343767018581289,0.071259,2.289091,2.32472,4.659202702614582,-4.506855536586805
2024-25,0022400069,2024-10-23,NOP,CHI,1,12,0.6878806892309335,5.281779,2.289091,4.92998,9.214833082319446,5.439496173013889
2024-25,0022400074,2024-10-24,DAL,SAS,1,11,0.7722859781343504,7.759049,2.289091,6.168616,9.8696658883125,8.154996065170138
2024-25,0022400073,2024-10-24,WAS,BOS,0,-20,0.1107273179723682,-15.136434,2.289091,-5.279126,-21.85485095784722,-18.18256873420139
2024-25,0022400075,2024-10-24,DEN,OKC,0,-15,0.5888456496998049,-2.753834,2.289091,0.912174,-2.734544415891205,-3.008549766562501
2024-25,0022400076,2024-10-24,SAC,MIN,0,-2,0.5179520501205839,-4.371917,2.289091,0.103132,-3.9429822738090285,-2.3756734615277777
2024-25,0022400083,2024-10-25,MIL,CHI,0,-11,0.796561813968603,3.265855,2.289091,3.922018,5.366312462031251,7.461599772378472
2024-25,0022400086,2024-10-25,POR,NOP,0,-2,0.2821325297534659,-12.787494,2.289091,-4.104656,-16.092521546845237,-8.1683893796875
2024-25,0022400078,2024-10-25,TOR,PHI,1,8,0.3121193107690664,-7.365804,2.289091,-1.393811,-16.156714830289353,-2.883778626041668
2024-25,0022400079,2024-10-25,ATL,CHA,1,5,0.6878806892309335,5.580541,2.289091,5.079361,10.415848815127703,3.791698305725694
2024-25,0022400082,2024-10-25,HOU,MEM,1,20,0.6231343912109123,6.64873,2.289091,5.613456,9.115590342553736,-0.35179203686756
2024-25,0022400077,2024-10-25,ORL,BKN,1,15,0.8392015046448209,4.339541,2.289091,4.458861,6.876287257883929,7.789628019937501
2024-25,0022400081,2024-10-25,NYK,IND,1,25,0.656232981418711,0.505226,2.289091,2.541704,5.368365120668981,5.7910443439097214
2024-25,0022400085,2024-10-25,LAL,PHX,1,7,0.5536717270480503,-0.996359,2.289091,1.790911,0.8519251275732997,-2.042249766006946
2024-25,0022400084,2024-10-25,UTA,GSW,0,-41,0.2821325297534659,-8.087064,2.289091,-1.754441,-13.36782348619097,-9.598012130375
2024-25,0022400080,2024-10-25,CLE,DET,1,12,0.8188567031623804,10.281495,2.289091,7.429838,11.88764900454861,9.137017843715277
2024-25,0022400096,2024-10-26,LAL,SAC,1,4,0.5179520501205839,-1.190883,0.165085,-0.430357,1.506426116712963,-0.47581620406250114
2024-25,0022400095,2024-10-26,PHX,DAL,1,12,0.3768656087890877,-0.480053,0.165085,-0.074942,1.604261162571375,0.4437223047125789
2024-25,0022400091,2024-10-26,CHI,OKC,0,-19,0.2034381860313969,-8.266619,0.165085,-3.968225,-14.286123793870372,-11.261854401694446
2024-25,0022400094,2024-10-26,SAS,HOU,1,3,0.4463282729519496,-6.446704,4.84874,1.625388,-10.161620888811838,-5.395166976215277
2024-25,0022400087,2024-10-26,DEN,LAC,0,-5,0.7460369236801184,1.886374,2.289091,3.232278,4.131068474780093,6.514629852916666
2024-25,0022400092,2024-10-26,MEM,ORL,1,13,0.5179520501205839,-8.123307,2.724734,-1.33692,-9.271561139520504,1.2628296391369038
2024-25,0022400090,2024-10-26,WAS,CLE,0,-19,0.2034381860313969,-9.497431,4.84874,0.100024,-10.771275053124999,-12.077510780902776
2024-25,0022400093,2024-10-26,MIN,TOR,1,11,0.8892726820276319,11.115738,4.84874,10.406609,18.569736167072918,10.1810281490625
2024-25,0022400089,2024-10-26,DET,BOS,0,-6,0.142341486589658,-15.920497,0.165085,-7.795164,-22.97122490927083,-13.061679244444445
2024-25,0022400088,2024-10-26,CHA,MIA,0,-8,0.3121193107690664,-9.16903,0.165085,-4.419431,-16.111470768437503,-6.1398881414236115
2024-25,0022400101,2024-10-27,GSW,LAC,0,-8,0.796561813968603,-1.028179,4.84874,4.33465,1.9121086400856486,3.9617248025972227
2024-25,0022400097,2024-10-27,IND,PHI,0,-4,0.7722859781343504,0.025942,2.289091,2.302062,-4.328714969953704,1.1098565715625004
2024-25,0022400098,2024-10-27,BKN,MIL,1,13,0.2277140218656496,-4.442503,2.289091,0.067839,-4.248879868260417,-8.72077583301736
2024-25,0022400099,2024-10-27,POR,NOP,1,22,0.2821325297534659,-12.787494,2.289091,-4.104656,-16.092521546845237,-11.394239600173611
2024-25,0022400100,2024-10-27,OKC,ATL,1,24,0.8188567031623804,9.75813,0.165085,5.044149,13.40336952086767,10.594706379829862
2024-25,0022400108,2024-10-28,MEM,CHI,0,-3,0.656232981418711,-4.960415,2.289091,-0.191117,-1.2778412878657406,3.7388874716944445
2024-25,0022400109,2024-10-28,SAS,HOU,0,-5,0.4111543503001951,-6.446704,2.289091,-0.934261,-10.161620888811838,-5.8071045755208335
2024-25,0022400103,2024-10-28,ATL,WAS,0,-2,0.7460369236801184,4.721788,0.165085,2.525978,4.3808586352665895,5.29182485582986
2024-25,0022400111,2024-10-28,PHX,LAL,1,4,0.656232981418711,0.996359,2.289091,2.78727,-0.8519251275732997,2.661822006006946
2024-25,0022400102,2024-10-28,ORL,IND,1,4,0.6878806892309335,-0.200163,4.84874,4.748658,2.2969196569626327,1.5808806314930557
2024-25,0022400104,2024-10-28,BOS,MIL,1,11,0.796561813968603,5.657281,4.84874,7.67738,12.990434133552082,4.8780793452534725
2024-25,0022400106,2024-10-28,NYK,CLE,0,-6,0.5888456496998049,0.584149,2.289091,2.581165,3.791994624499999,1.7519939317222217
2024-25,0022400107,2024-10-28,TOR,DEN,0,-2,0.2277140218656496,-9.541475,2.289091,-2.481647,-17.682779043622688,-10.135760998541667
2024-25,0022400110,2024-10-28,DAL,UTA,1,8,0.8392015046448209,8.489491,2.289091,6.533837,11.580997997094906,9.266364976180554
2024-25,0022400112,2024-10-28,SAC,POR,1,13,0.857658513410342,10.220846,4.84874,9.959163,15.373242692146164,13.308622331099539
2024-25,0022400105,2024-10-28,MIA,DET,1,8,0.7722859781343504,9.094341,2.289091,6.836261,11.19285454,5.737145201666667
2025-26,0022500001,2025-10-21,OKC,HOU,1,1,0.7178674702465342,8.142937,2.09102,6.162488,5.7513249059325355,2.824201211076388
2025-26,0022500002,2025-10-21,LAL,GSW,0,-10,0.4111543503001951,-1.455956,2.09102,1.363042,-5.420447359434027,-1.3097162336006933
2025-26,0022500083,2025-10-22,BOS,PHI,0,-1,0.6878806892309335,11.930729,2.09102,8.056385,17.859029931688163,6.4558978752876985
2025-26,0022500087,2025-10-22,UTA,LAC,1,21,0.2034381860313969,-13.465155,2.09102,-4.641557,-15.280282777569447,-14.350405865659724
2025-26,0022500089,2025-10-22,POR,MIN,0,-4,0.343767018581289,-6.488882,2.09102,-1.153421,-3.740996275094246,-6.913891751458334
2025-26,0022500081,2025-10-22,ORL,MIA,1,4,0.7594059276819749,0.449535,2.09102,2.315788,-1.4985240494826404,4.352535877618055
2025-26,0022500085,2025-10-22,MEM,NOP,1,6,0.6398498804305458,11.553488,2.09102,7.867764,12.21712226160764,3.5299228810868053
2025-26,0022500086,2025-10-22,MIL,WAS,1,13,0.8079557703650804,12.839083,2.09102,8.510562,14.593470147447917,9.924769483090277
2025-26,0022500003,2025-10-22,NYK,CLE,1,8,0.4463282729519496,-4.997778,2.09102,-0.407869,-4.966784161354166,-4.973320410104167
2025-26,0022500082,2025-10-22,ATL,TOR,0,-20,0.6878806892309335,2.418259,2.09102,3.30015,12.958808878541666,7.371493870347223
2025-26,0022500080,2025-10-22,CHA,BKN,1,19,0.6878806892309335,-2.994777,2.09102,0.593632,-4.9538749778510205,0.46101838803819506
2025-26,0022500084,2025-10-22,CHI,DET,1,4,0.3938793337118904,-3.425982,2.09102,0.378029,-4.077663815208333,-3.7123012228125
2025-26,0022500088,2025-10-22,PHX,SAC,1,4,0.6231343912109123,-3.043933,2.09102,0.569054,1.872810546173227,1.35810554225
2025-26,0022500004,2025-10-22,DAL,SAS,0,-33,0.6231343912109123,1.808106,2.09102,2.995073,5.322369739725694,-0.2789480451527772
2025-26,0022500005,2025-10-23,IND,OKC,0,-6,0.2539630763198815,-9.468119,2.09102,-2.643039,-12.569886364066797,-6.520995563247353
2025-26,0022500006,2025-10-23,GSW,DEN,1,6,0.5536717270480503,-1.025927,2.09102,1.578057,6.955045714734955,1.3226559646655094
2025-26,0022500095,2025-10-24,NOP,SAS,0,-4,0.3601501195694542,-5.246032,2.09102,-0.531996,-7.522759013263892,-2.674135834479167
2025-26,0022500098,2025-10-24,SAC,UTA,1,1,0.6878806892309335,9.651995,2.09102,6.917018,3.5264099444039374,0.6215559047893517
2025-26,0022500090,2025-10-24,ORL,ATL,0,-4,0.6878806892309335,0.265517,2.09102,2.223779,-4.69012313457176,0.9130534370949066
2025-26,0022500092,2025-10-24,TOR,MIL,0,-6,0.5713487939127684,-4.935218,2.09102,-0.376589,-10.262564997337963,-7.147115220243055
2025-26,0022500094,2025-10-24,MEM,MIA,0,-32,0.6061206662881097,4.271512,2.09102,4.226776,4.916038286118055,1.6563889987048608
2025-26,0022500097,2025-10-24,POR,GSW,1,20,0.4111543503001951,-5.461877,4.736917,2.005978,-7.869286392618552,-7.34788223804514
2025-26,0022500091,2025-10-24,BKN,CLE,0,-7,0.1607984953551789,-14.087713,2.09102,-4.952836,-13.081131364508105,-8.908260653767362
2025-26,0022500093,2025-10-24,HOU,DET,0,-4,0.7178674702465342,1.574458,2.09102,2.878249,5.77011928670139,4.482497042673612
2025-26,0022500019,2025-10-24,LAL,MIN,1,18,0.4463282729519496,-2.48296,2.09102,0.84954,-1.2921572419097211,-0.5996297194444442
2025-26,0022500096,2025-10-24,DAL,WAS,0,-10,0.7846720167629381,9.910268,2.09102,7.046154,19.6421597210625,8.0071028235625
2025-26,0022500018,2025-10-24,NYK,BOS,1,10,0.6231343912109123,-3.370788,2.09102,0.405626,-8.876017317023809,1.0326801490277795
2025-26,0022500099,2025-10-24,LAC,PHX,1,27,0.8079557703650804,6.857093,2.09102,5.519567,9.881062286992282,10.778703504847222
2025-26,0022500103,2025-10-25,MEM,IND,1,25,0.5713487939127684,1.574319,-0.522234,0.264925,3.831070171825231,2.0630389806238423
2025-26,0022500102,2025-10-25,PHI,CHA,1,4,0.656232981418711,3.524772,2.09102,3.853406,4.085209566340604,1.0125394512499992
2025-26,0022500101,2025-10-25,ATL,OKC,0,-17,0.2277140218656496,-11.981295,-0.522234,-6.512881,-10.463255393270499,-8.265122368027445
2025-26,0022500100,2025-10-25,ORL,CHI,0,-12,0.7030927392097281,1.427599,-0.522234,0.191566,0.4457294799999989,4.114908201423611
2025-26,0022500104,2025-10-25,DEN,PHX,1,22,0.8662053788148977,6.425095,4.736917,7.949464,0.3198073962399661,2.7395775989212945
2025-26,0022500111,2025-10-26,DAL,TOR,1,10,0.4463282729519496,2.006403,2.09102,3.094222,15.311254570952546,5.324701077208334
2025-26,0022500108,2025-10-26,MIA,NYK,1,8,0.3768656087890877,-3.799605,2.09102,0.191218,0.1752293017743045,-4.5773859321319454
2025-26,0022500112,2025-10-26,LAC,POR,1,7,0.7722859781343504,6.919803,2.09102,5.550922,10.475495568635914,12.461895885034721
2025-26,0022500105,2025-10-26,SAS,BKN,1,11,0.8188567031623804,3.254387,2.09102,3.718214,8.51125154270255,3.437879151267361
2025-26,0022500113,2025-10-26,SAC,LAL,0,-7,0.6231343912109123,-0.899278,2.09102,1.641381,-3.727216297714121,-2.198289125071759
2025-26,0022500110,2025-10-26,MIN,IND,1,4,0.8486610605386135,1.545486,4.736917,5.50966,1.2371969138287033,5.8261626758217595
2025-26,0022500109,2025-10-26,WAS,CHA,0,-26,0.5536717270480503,-1.852999,4.736917,3.810417,-0.854663460783236,-8.159836587083333
2025-26,0022500107,2025-10-26,CLE,MIL,1,5,0.7178674702465342,6.096406,2.09102,5.139223,4.296199655694444,4.903179584652779
2025-26,0022500106,2025-10-26,DET,BOS,1,6,0.5888456496998049,-4.722475,2.09102,-0.270218,-6.56737772952381,-3.107108980426587
2025-26,0022500115,2025-10-27,CHI,ATL,1,5,0.4111543503001951,-1.162082,2.09102,1.509979,-5.135852614571759,-4.545241870486111
2025-26,0022500117,2025-10-27,NOP,BOS,0,-32,0.343767018581289,-14.45237,4.736917,-2.489268,-16.00187199073909,-7.839602408829366
2025-26,0022500121,2025-10-27,GSW,MEM,1,13,0.7594059276819749,-1.055837,2.09102,1.563102,1.534416859527778,3.0657276048750006
2025-26,0022500122,2025-10-27,LAL,POR,0,-14,0.3768656087890877,4.005921,2.123663,4.126623,2.448839033184525,0.7383358994692468
2025-26,0022500116,2025-10-27,HOU,BKN,1,28,0.9026490636820276,9.312707,4.736917,9.39327,16.193106077355328,8.864745378281249
2025-26,0022500007,2025-10-27,DET,CLE,0,-21,0.4286512060872315,-6.349465,2.123663,-1.05107,-2.658144573854168,-4.49172832371528
2025-26,0022500008,2025-10-27,MIN,DEN,0,-13,0.2969072607902718,0.001077,-0.522234,-0.521695,2.8267555972106493,1.0152882534606507
2025-26,0022500118,2025-10-27,SAS,TOR,1,18,0.656232981418711,0.198298,2.123663,2.222811,9.988884831226851,3.6136946133333328
2025-26,0022500119,2025-10-27,DAL,OKC,0,-7,0.2153279832370619,-12.393151,-0.522234,-6.718809,-8.110809700859619,-8.58167727317361
2025-26,0022500114,2025-10-27,PHI,ORL,1,12,0.2821325297534659,-5.20987,2.09102,-0.513915,-7.6597178669560195,-7.291022339513888
2025-26,0022500120,2025-10-27,UTA,PHX,1,4,0.5536717270480503,-6.608062,2.09102,-1.213011,-5.399220490577164,-1.2617514324652774
